Workbook

Sheet Players & Positions
A1: Player Name | B1: Jersey # | C1: Positions Played
A2: Michael Dawson | B2: 73 | C2: X, Y
A3: Joshua Hobbins | B3: 0 | C3: C, Z
A4: Sawyer March | B4: 6 | C4: C, Z
A5: Andrew Martinez | B5: 23 | C5: Q, W, Z, X
A6: Liam Phipps | B6: 16 | C6: C, Z
A7: Agustus Rodriguez | B7: 2 | C7: C
A8: Wesley Simmons | B8: 12 | C8: Q, W, Z, X
A9: Caleb Spivey | B9: 10 | C9: W, Y
A10: Carter Stevens | B10: 8 | C10: W, Y
A11: Parker Woodward | B11: 20 | C11: X, Y
A14: Position Key:
A15: C | B15: =Center
A16: Q | B16: =Quarterback
A17: W | B17: =Wide Receiver
A18: X | B18: =Wide Receiver
A19: Y | B19: =Tight End
A20: Z | B20: =Receiver

Sheet Play Calls
A1: Play # | B1: Play Name | C1: C (Center) | D1: Q (Quarterback) | E1: W (Wide Receiver) | F1: X (Wide Receiver) | G1: Y (Tight End) | H1: Z (Receiver) | I1: Notes
A2: =IF(B2<>"", ROW()-1, "") | B2: Tick | C2: Phipps | D2: Simmons | E2: Woodward | F2: March | G2: Stevens | H2: Spivey
A3: =IF(B3<>"", ROW()-1, "") | B3: Tick | C3: Phipps | D3: Simmons | E3: Woodward | F3: March | G3: Stevens | H3: Spivey
A4: =IF(B4<>"", ROW()-1, "") | B4: Tick Tock | C4: Phipps | D4: Simmons | E4: Woodward | F4: March | G4: Stevens | H4: Spivey
A5: =IF(B5<>"", ROW()-1, "") | B5: Circle Run Option | C5: Phipps | D5: Simmons | E5: Woodward | F5: March | G5: Stevens | H5: Spivey
A6: =IF(B6<>"", ROW()-1, "") | B6: Tick | C6: Rodriguez | D6: Simmons | E6: Woodward | F6: Dawson | G6: Martinez | H6: Hobbins
A7: =IF(B7<>"", ROW()-1, "") | B7: Airplane Pass Option | C7: Rodriguez | D7: Simmons | E7: Woodward | F7: Dawson | G7: Martinez | H7: Hobbins
A8: =IF(B8<>"", ROW()-1, "") | B8: Tick Tock | C8: Rodriguez | D8: Simmons | E8: Woodward | F8: Dawson | G8: Martinez | H8: Hobbins
A9: =IF(B9<>"", ROW()-1, "") | B9: Eagle | C9: Rodriguez | D9: Simmons | E9: Woodward | F9: Dawson | G9: Martinez | H9: Hobbins
A10: =IF(B10<>"", ROW()-1, "") | B10: Circle Run Option | C10: Phipps | D10: Martinez | E10: March | F10: Simmons | G10: Stevens | H10: Spivey
A11: =IF(B11<>"", ROW()-1, "") | B11: Sweep | C11: Phipps | D11: Martinez | E11: March | F11: Simmons | G11: Stevens | H11: Spivey
A12: =IF(B12<>"", ROW()-1, "") | B12: Cross | C12: Phipps | D12: Martinez | E12: March | F12: Simmons | G12: Stevens | H12: Spivey
A13: =IF(B13<>"", ROW()-1, "") | B13: Tick | C13: Phipps | D13: Martinez | E13: March | F13: Simmons | G13: Stevens | H13: Spivey
... A31: =IF(B31<>"", ROW()-1, "") | B31: Sweep | C31: Rodriguez | D31: Martinez | E31: Hobbins | F31: March | G31: Stevens | H31: Simmons
A32: =IF(B32<>"", ROW()-1, "")
A33: =IF(B33<>"", ROW()-1, "")
A34: =IF(B34<>"", ROW()-1, "")
A35: =IF(B35<>"", ROW()-1, "")
A36: =IF(B36<>"", ROW()-1, "")
A37: =IF(B37<>"", ROW()-1, "")
A38: =IF(B38<>"", ROW()-1, "")
A39: =IF(B39<>"", ROW()-1, "")
A40: =IF(B40<>"", ROW()-1, "")
A41: =IF(B41<>"", ROW()-1, "")
A42: =IF(B42<>"", ROW()-1, "")
A43: =IF(B43<>"", ROW()-1, "")
... A51: =IF(B51<>"", ROW()-1, "")

Sheet Stats
A1: Player Name | B1: Jersey # | C1: Available Positions | D1: Total Plays | E1: Times at C | F1: Times at Q | G1: Times at W | H1: Times at X | I1: Times at Y | J1: Times at Z
A2: Michael Dawson | B2: 73 | C2: X,Y | D2: =COUNTIF('Play Calls'!C:C,"*Dawson*")+COUNTIF('Play Calls'!D:D,"*Dawson*")+COUNTIF('Play Calls'!E:E,"*Dawson*")+COUNTIF('Play Calls'!F:F,"*Dawson*")+COUNTIF('Play Calls'!G:G,"*Dawson*")+COUNTIF('Play Calls'!H:H,"*Dawson*") | E2: =COUNTIF('Play Calls'!C:C,"*Dawson*") | F2: =COUNTIF('Play Calls'!D:D,"*Dawson*") | G2: =COUNTIF('Play Calls'!E:E,"*Dawson*") | H2: =COUNTIF('Play Calls'!F:F,"*Dawson*") | I2: =COUNTIF('Play Calls'!G:G,"*Dawson*") | J2: =COUNTIF('Play Calls'!H:H,"*Dawson*")
A3: Joshua Hobbins | B3: 0 | C3: C,Z | D3: =COUNTIF('Play Calls'!C:C,"*Hobbins*")+COUNTIF('Play Calls'!D:D,"*Hobbins*")+COUNTIF('Play Calls'!E:E,"*Hobbins*")+COUNTIF('Play Calls'!F:F,"*Hobbins*")+COUNTIF('Play Calls'!G:G,"*Hobbins*")+COUNTIF('Play Calls'!H:H,"*Hobbins*") | E3: =COUNTIF('Play Calls'!C:C,"*Hobbins*") | F3: =COUNTIF('Play Calls'!D:D,"*Hobbins*") | G3: =COUNTIF('Play Calls'!E:E,"*Hobbins*") | H3: =COUNTIF('Play Calls'!F:F,"*Hobbins*") | I3: =COUNTIF('Play Calls'!G:G,"*Hobbins*") | J3: =COUNTIF('Play Calls'!H:H,"*Hobbins*")
A4: Sawyer March | B4: 6 | C4: C,Z | D4: =COUNTIF('Play Calls'!C:C,"*March*")+COUNTIF('Play Calls'!D:D,"*March*")+COUNTIF('Play Calls'!E:E,"*March*")+COUNTIF('Play Calls'!F:F,"*March*")+COUNTIF('Play Calls'!G:G,"*March*")+COUNTIF('Play Calls'!H:H,"*March*") | E4: =COUNTIF('Play Calls'!C:C,"*March*") | F4: =COUNTIF('Play Calls'!D:D,"*March*") | G4: =COUNTIF('Play Calls'!E:E,"*March*") | H4: =COUNTIF('Play Calls'!F:F,"*March*") | I4: =COUNTIF('Play Calls'!G:G,"*March*") | J4: =COUNTIF('Play Calls'!H:H,"*March*")
A5: Andrew Martinez | B5: 23 | C5: Q,W,Z,X | D5: =COUNTIF('Play Calls'!C:C,"*Martinez*")+COUNTIF('Play Calls'!D:D,"*Martinez*")+COUNTIF('Play Calls'!E:E,"*Martinez*")+COUNTIF('Play Calls'!F:F,"*Martinez*")+COUNTIF('Play Calls'!G:G,"*Martinez*")+COUNTIF('Play Calls'!H:H,"*Martinez*") | E5: =COUNTIF('Play Calls'!C:C,"*Martinez*") | F5: =COUNTIF('Play Calls'!D:D,"*Martinez*") | G5: =COUNTIF('Play Calls'!E:E,"*Martinez*") | H5: =COUNTIF('Play Calls'!F:F,"*Martinez*") | I5: =COUNTIF('Play Calls'!G:G,"*Martinez*") | J5: =COUNTIF('Play Calls'!H:H,"*Martinez*")
A6: Liam Phipps | B6: 16 | C6: C,Z | D6: =COUNTIF('Play Calls'!C:C,"*Phipps*")+COUNTIF('Play Calls'!D:D,"*Phipps*")+COUNTIF('Play Calls'!E:E,"*Phipps*")+COUNTIF('Play Calls'!F:F,"*Phipps*")+COUNTIF('Play Calls'!G:G,"*Phipps*")+COUNTIF('Play Calls'!H:H,"*Phipps*") | E6: =COUNTIF('Play Calls'!C:C,"*Phipps*") | F6: =COUNTIF('Play Calls'!D:D,"*Phipps*") | G6: =COUNTIF('Play Calls'!E:E,"*Phipps*") | H6: =COUNTIF('Play Calls'!F:F,"*Phipps*") | I6: =COUNTIF('Play Calls'!G:G,"*Phipps*") | J6: =COUNTIF('Play Calls'!H:H,"*Phipps*")
A7: Agustus Rodriguez | B7: 2 | C7: C | D7: =COUNTIF('Play Calls'!C:C,"*Rodriguez*")+COUNTIF('Play Calls'!D:D,"*Rodriguez*")+COUNTIF('Play Calls'!E:E,"*Rodriguez*")+COUNTIF('Play Calls'!F:F,"*Rodriguez*")+COUNTIF('Play Calls'!G:G,"*Rodriguez*")+COUNTIF('Play Calls'!H:H,"*Rodriguez*") | E7: =COUNTIF('Play Calls'!C:C,"*Rodriguez*") | F7: =COUNTIF('Play Calls'!D:D,"*Rodriguez*") | G7: =COUNTIF('Play Calls'!E:E,"*Rodriguez*") | H7: =COUNTIF('Play Calls'!F:F,"*Rodriguez*") | I7: =COUNTIF('Play Calls'!G:G,"*Rodriguez*") | J7: =COUNTIF('Play Calls'!H:H,"*Rodriguez*")
A8: Wesley Simmons | B8: 12 | C8: Q,W,Z,X | D8: =COUNTIF('Play Calls'!C:C,"*Simmons*")+COUNTIF('Play Calls'!D:D,"*Simmons*")+COUNTIF('Play Calls'!E:E,"*Simmons*")+COUNTIF('Play Calls'!F:F,"*Simmons*")+COUNTIF('Play Calls'!G:G,"*Simmons*")+COUNTIF('Play Calls'!H:H,"*Simmons*") | E8: =COUNTIF('Play Calls'!C:C,"*Simmons*") | F8: =COUNTIF('Play Calls'!D:D,"*Simmons*") | G8: =COUNTIF('Play Calls'!E:E,"*Simmons*") | H8: =COUNTIF('Play Calls'!F:F,"*Simmons*") | I8: =COUNTIF('Play Calls'!G:G,"*Simmons*") | J8: =COUNTIF('Play Calls'!H:H,"*Simmons*")
A9: Caleb Spivey | B9: 10 | C9: W,Y | D9: =COUNTIF('Play Calls'!C:C,"*Spivey*")+COUNTIF('Play Calls'!D:D,"*Spivey*")+COUNTIF('Play Calls'!E:E,"*Spivey*")+COUNTIF('Play Calls'!F:F,"*Spivey*")+COUNTIF('Play Calls'!G:G,"*Spivey*")+COUNTIF('Play Calls'!H:H,"*Spivey*") | E9: =COUNTIF('Play Calls'!C:C,"*Spivey*") | F9: =COUNTIF('Play Calls'!D:D,"*Spivey*") | G9: =COUNTIF('Play Calls'!E:E,"*Spivey*") | H9: =COUNTIF('Play Calls'!F:F,"*Spivey*") | I9: =COUNTIF('Play Calls'!G:G,"*Spivey*") | J9: =COUNTIF('Play Calls'!H:H,"*Spivey*")
A10: Carter Stevens | B10: 8 | C10: W,Y | D10: =COUNTIF('Play Calls'!C:C,"*Stevens*")+COUNTIF('Play Calls'!D:D,"*Stevens*")+COUNTIF('Play Calls'!E:E,"*Stevens*")+COUNTIF('Play Calls'!F:F,"*Stevens*")+COUNTIF('Play Calls'!G:G,"*Stevens*")+COUNTIF('Play Calls'!H:H,"*Stevens*") | E10: =COUNTIF('Play Calls'!C:C,"*Stevens*") | F10: =COUNTIF('Play Calls'!D:D,"*Stevens*") | G10: =COUNTIF('Play Calls'!E:E,"*Stevens*") | H10: =COUNTIF('Play Calls'!F:F,"*Stevens*") | I10: =COUNTIF('Play Calls'!G:G,"*Stevens*") | J10: =COUNTIF('Play Calls'!H:H,"*Stevens*")
A11: Parker Woodward | B11: 20 | C11: X,Y | D11: =COUNTIF('Play Calls'!C:C,"*Woodward*")+COUNTIF('Play Calls'!D:D,"*Woodward*")+COUNTIF('Play Calls'!E:E,"*Woodward*")+COUNTIF('Play Calls'!F:F,"*Woodward*")+COUNTIF('Play Calls'!G:G,"*Woodward*")+COUNTIF('Play Calls'!H:H,"*Woodward*") | E11: =COUNTIF('Play Calls'!C:C,"*Woodward*") | F11: =COUNTIF('Play Calls'!D:D,"*Woodward*") | G11: =COUNTIF('Play Calls'!E:E,"*Woodward*") | H11: =COUNTIF('Play Calls'!F:F,"*Woodward*") | I11: =COUNTIF('Play Calls'!G:G,"*Woodward*") | J11: =COUNTIF('Play Calls'!H:H,"*Woodward*")

Sheet Game Summary
A1: Game Summary Dashboard
A3: Total Plays Called: | B3: =COUNTA('Play Calls'!B:B)-1
A4: Most Active Player: | B4: =IFERROR(INDEX(Stats!A:A,MATCH(MAX(Stats!D:D),Stats!D:D,0)),"")
A5: Most Used Play: | B5: =IFERROR(INDEX('Play Calls'!B:B,MODE(MATCH('Play Calls'!B2:B51,'Play Calls'!B2:B51,0))+1),"")
A7: Play Breakdown:
A8: Tick | B8: =COUNTIF('Play Calls'!B:B,"Tick")
A9: Tick Tock | B9: =COUNTIF('Play Calls'!B:B,"Tick Tock")
A10: Circle Pass Option | B10: =COUNTIF('Play Calls'!B:B,"Circle Pass Option")
A11: Circle Run Option | B11: =COUNTIF('Play Calls'!B:B,"Circle Run Option")
A12: Eagle | B12: =COUNTIF('Play Calls'!B:B,"Eagle")
A13: Airplane Pass Option | B13: =COUNTIF('Play Calls'!B:B,"Airplane Pass Option")
A14: Sweep | B14: =COUNTIF('Play Calls'!B:B,"Sweep")
A15: Cross | B15: =COUNTIF('Play Calls'!B:B,"Cross")

Sheet Dropdown Lists
A1: C Players | B1: Q Players | C1: W Players | D1: X Players | E1: Y Players | F1: Z Players
A2: Hobbins | B2: Martinez | C2: Martinez | D2: Dawson | E2: Dawson | F2: Hobbins
A3: March | B3: Simmons | C3: Simmons | D3: Martinez | E3: Spivey | F3: March
A4: Phipps | C4: Spivey | D4: Simmons | E4: Stevens | F4: Martinez
A5: Rodriguez | C5: Stevens | D5: Woodward | E5: Woodward | F5: Phipps
F6: Simmons
